customer_id,first_name,last_name,phone_number
0,Jennifer,Martin,+374 (76) 826999
1,Melissa,Craig,+374 (85) 285434
2,Roy,Hammond,+374 (59) 403635
3,Connie,Taylor,+374 (37) 582973
4,Savannah,Adkins,+374 (96) 843228
5,Philip,Cook,+374 (37) 412117
6,Charles,Kaiser,+374 (64) 992522
7,Dakota,Alvarez,+374 (11) 146978
8,Brian,Boyd,+374 (51) 829617
9,Mario,Brooks,+374 (47) 338841
10,Sarah,Williams,+374 (82) 404333
11,Ashley,Whitney,+374 (85) 104724
12,Christine,Salazar,+374 (73) 700053
13,Angela,Harper,+374 (77) 397041
14,David,Johnson,+374 (59) 075779
15,Benjamin,Figueroa,+374 (85) 923221
16,Danielle,Hammond,+374 (12) 670758
17,Kenneth,Edwards,+374 (16) 432130
18,Scott,Anderson,+374 (93) 236601
19,Tonya,Taylor,+374 (45) 243545
20,John,Walker,+374 (88) 846378
21,Zachary,Doyle,+374 (92) 085273
22,Shelley,Torres,+374 (46) 540305
23,Theodore,Bates,+374 (84) 401846
24,Erika,Long,+374 (98) 512023
25,Alex,Mueller,+374 (65) 706496
26,Tina,Moran,+374 (30) 506646
27,Colin,Watkins,+374 (13) 707619
28,Loretta,Mason,+374 (85) 867830
29,Jeffrey,Sutton,+374 (24) 548742
30,Matthew,Morgan,+374 (64) 694262
31,Christopher,Burgess,+374 (32) 835850
32,Monica,Jennings,+374 (64) 391596
33,Christopher,Wood,+374 (23) 959700
34,Regina,Pitts,+374 (23) 029322
35,Kelly,Garrison,+374 (93) 691610
36,Donald,Oneill,+374 (46) 528927
37,Alexander,Tapia,+374 (62) 496758
38,Victoria,Winters,+374 (69) 499312
39,Martin,Jones,+374 (55) 130342
40,Adrienne,Navarro,+374 (90) 708860
41,Kimberly,Rich,+374 (44) 742132
42,Sara,Williams,+374 (82) 305126
43,Matthew,Patel,+374 (25) 273134
44,Connor,Hall,+374 (11) 176479
45,Harold,Escobar,+374 (11) 269699
46,Brandy,Jones,+374 (60) 551294
47,Debra,Sanchez,+374 (66) 777288
48,Gregory,Benson,+374 (31) 214482
49,Kimberly,Mercado,+374 (62) 207683
50,Andrea,Woods,+374 (32) 654320
51,Michael,Carter,+374 (40) 553888
52,Benjamin,Neal,+374 (87) 154634
53,Brittney,Wilson,+374 (52) 274217
54,Erin,Kennedy,+374 (48) 015816
55,Sarah,Mendoza,+374 (63) 234158
56,Lydia,Gray,+374 (70) 629878
57,Tammy,Mooney,+374 (10) 523634
58,Daniel,Mendez,+374 (64) 913197
59,David,Day,+374 (76) 330187
60,Janice,Young,+374 (24) 673510
61,Chris,Campbell,+374 (61) 620069
62,Jennifer,Jones,+374 (82) 387008
63,Joseph,Becker,+374 (92) 823830
64,Joseph,Mendoza,+374 (87) 011931
65,Mark,Morrison,+374 (52) 715057
66,Leah,Pennington,+374 (71) 871359
67,Brittany,Bowman,+374 (57) 979704
68,Julie,Sanchez,+374 (25) 722886
69,Tammy,Summers,+374 (58) 536621
70,Daniel,Reyes,+374 (78) 554838
71,Kelsey,Kline,+374 (35) 081050
72,Selena,Ortega,+374 (74) 559078
73,Linda,Mcclure,+374 (49) 952902
74,Vanessa,Gallegos,+374 (29) 819579
75,Katie,Thomas,+374 (14) 516226
76,Tiffany,Campbell,+374 (74) 052602
77,Rhonda,Ryan,+374 (77) 632250
78,Allison,Terry,+374 (26) 958699
79,Ryan,Buckley,+374 (78) 305630
80,Heather,Walker,+374 (97) 137834
81,Terry,Galloway,+374 (40) 336261
82,Michael,Jacobson,+374 (50) 494000
83,Beverly,Cook,+374 (20) 143694
84,Brandon,Jones,+374 (26) 053695
85,Thomas,Anderson,+374 (72) 649588
86,Michael,Davis,+374 (84) 535558
87,Danielle,Stephens,+374 (81) 342426
88,Allison,Graves,+374 (69) 557354
89,Yolanda,Webb,+374 (56) 333114
90,Erika,Berger,+374 (71) 605179
91,Joseph,Higgins,+374 (43) 519159
92,Frank,Johnson,+374 (92) 110809
93,Taylor,Brady,+374 (73) 025744
94,Jared,Knapp,+374 (52) 744611
95,Carmen,Myers,+374 (72) 302031
96,Jesse,Adams,+374 (92) 245958
97,James,Valdez,+374 (42) 138799
98,Brent,Brooks,+374 (87) 217263
99,Erin,Torres,+374 (50) 920144
100,Jonathan,Kirk,+374 (66) 806485
101,Brittany,Johnson,+374 (93) 960833
102,Janet,Moore,+374 (36) 809751
103,Ryan,Rodriguez,+374 (27) 216454
104,Diana,Mclaughlin,+374 (95) 516807
105,Peter,Allen,+374 (73) 314263
106,David,Green,+374 (24) 040874
107,John,Macdonald,+374 (38) 446982
108,Jennifer,Johnson,+374 (23) 665632
109,Kristin,Molina,+374 (75) 606774
110,Renee,Evans,+374 (87) 719373
111,Kevin,Obrien,+374 (63) 938316
112,Aimee,Savage,+374 (95) 220136
113,Monica,Butler,+374 (89) 104407
114,Christopher,Sanchez,+374 (35) 848229
115,Susan,Washington,+374 (70) 956686
116,Patricia,Shepard,+374 (65) 337684
117,David,Carroll,+374 (45) 955468
118,Jennifer,Brown,+374 (18) 243395
119,Lisa,Mccoy,+374 (67) 466914
120,Maria,Perez,+374 (23) 488875
121,Joseph,Pratt,+374 (85) 684684
122,Olivia,Beasley,+374 (40) 173039
123,Emily,Long,+374 (33) 603080
124,Tracy,Long,+374 (23) 183359
125,Stephanie,Moreno,+374 (46) 596888
126,John,York,+374 (31) 358009
127,Kevin,Munoz,+374 (77) 325133
128,Erik,Mcmahon,+374 (25) 420096
129,Joshua,Knight,+374 (86) 370839
130,Jacqueline,Lowe,+374 (46) 564260
131,Jason,Johnson,+374 (87) 276758
132,Eduardo,Evans,+374 (66) 910115
133,Dennis,Cowan,+374 (64) 930818
134,Crystal,Martin,+374 (10) 407442
135,Bryan,Sharp,+374 (66) 439581
136,Courtney,Jones,+374 (20) 921351
137,Brian,Vazquez,+374 (91) 227756
138,Janet,Riddle,+374 (99) 675741
139,Amanda,Strickland,+374 (24) 770999
140,Matthew,Moore,+374 (42) 000324
141,Phillip,Kelly,+374 (15) 444990
142,Megan,Burnett,+374 (99) 759688
143,Suzanne,Hernandez,+374 (88) 384068
144,Thomas,Hobbs,+374 (63) 720400
145,David,Jordan,+374 (57) 107673
146,Robert,Dawson,+374 (18) 235557
147,Brooke,James,+374 (98) 776584
148,Chelsea,Reyes,+374 (53) 106591
149,William,Anderson,+374 (53) 611481
150,Cathy,Reeves,+374 (34) 797875
151,Nichole,Mitchell,+374 (64) 201065
152,Luis,Goodwin,+374 (16) 948945
153,Jose,Reynolds,+374 (54) 379372
154,Nicole,Wilson,+374 (16) 402813
155,Rhonda,Palmer,+374 (86) 806271
156,Matthew,Reilly,+374 (12) 879995
157,Steve,Wells,+374 (52) 940365
158,Kayla,Cummings,+374 (70) 665214
159,John,Lee,+374 (16) 761705
160,Victoria,Bradley,+374 (83) 975570
161,Patrick,Jackson,+374 (76) 178828
162,Kimberly,Sheppard,+374 (85) 670136
163,James,Gibbs,+374 (37) 080213
164,Robert,Dixon,+374 (62) 147722
165,Kristen,Roberts,+374 (80) 560119
166,Ann,Ross,+374 (41) 808749
167,Lucas,Hernandez,+374 (11) 289362
168,Jared,Garcia,+374 (36) 082598
169,Christine,Dodson,+374 (14) 797902
170,Adriana,Barker,+374 (89) 989561
171,Michelle,Hall,+374 (33) 575193
172,Stephen,Willis,+374 (86) 260506
173,Deborah,Brown,+374 (40) 209389
174,Nicole,Harris,+374 (52) 083842
175,Alyssa,Moore,+374 (37) 582041
176,Gabriel,Bender,+374 (59) 216554
177,Jeffrey,Cross,+374 (18) 766192
178,Gary,Nelson,+374 (97) 228907
179,Valerie,Gonzalez,+374 (44) 987476
180,Tyler,Oliver,+374 (19) 671957
181,Anthony,Allen,+374 (70) 871398
182,Erica,White,+374 (10) 029798
183,Dennis,Huang,+374 (12) 905035
184,Xavier,Miller,+374 (64) 938126
185,Roberta,Perry,+374 (70) 483701
186,Douglas,Boyle,+374 (49) 703039
187,Steven,Allen,+374 (33) 590358
188,Gary,Stewart,+374 (41) 995646
189,Emily,Adams,+374 (98) 484668
190,Matthew,Smith,+374 (79) 627301
191,John,Stafford,+374 (53) 791096
192,Sandra,Meyer,+374 (28) 907412
193,Adam,Travis,+374 (79) 806249
194,Andrew,Jimenez,+374 (10) 539033
195,Angela,Shaw,+374 (62) 287462
196,Lorraine,Boyle,+374 (91) 881217
197,Allison,Miller,+374 (49) 748313
198,Troy,Duncan,+374 (90) 029637
199,Laura,Baker,+374 (45) 664206
200,Michaela,Smith,+374 (98) 447781
201,David,Soto,+374 (17) 875044
202,Jesse,Ramirez,+374 (36) 932195
203,Michael,Moore,+374 (90) 008963
204,Paul,Wilson,+374 (91) 752013
205,James,Weiss,+374 (41) 543896
206,Jason,Dickerson,+374 (38) 051328
207,Kelly,Cortez,+374 (97) 137090
208,Daniel,Griffin,+374 (40) 757939
209,Jose,Bell,+374 (64) 914086
210,James,Hayden,+374 (53) 121445
211,Scott,Wright,+374 (65) 280252
212,Gabriela,Copeland,+374 (15) 740681
213,Terri,Hawkins,+374 (70) 539272
214,Debra,Hubbard,+374 (58) 120115
215,Stephanie,Dunlap,+374 (33) 985978
216,Brenda,Estrada,+374 (47) 921763
217,Andrew,Kelley,+374 (99) 512816
218,Whitney,Harvey,+374 (19) 194719
219,Adriana,White,+374 (76) 069758
220,Stacey,Watson,+374 (99) 497187
221,Larry,Brady,+374 (89) 000752
222,Amanda,Robertson,+374 (74) 227947
223,Albert,Henderson,+374 (51) 832340
224,Sara,Sosa,+374 (59) 291065
225,Cheryl,Donovan,+374 (14) 084586
226,Nathan,Martin,+374 (75) 660843
227,Nicholas,Harrison,+374 (89) 454051
228,Victor,Anderson,+374 (51) 847691
229,Michael,Stewart,+374 (33) 658001
230,Robert,Rodriguez,+374 (23) 630277
231,Lisa,Andrews,+374 (11) 835130
232,Lori,Smith,+374 (21) 744086
233,Laurie,Elliott,+374 (47) 767071
234,Marissa,Becker,+374 (95) 965113
235,Erin,Taylor,+374 (74) 844326
236,Curtis,Thompson,+374 (27) 230059
237,Marvin,Hicks,+374 (46) 795295
238,Franklin,Ball,+374 (73) 421229
239,Daniel,Robertson,+374 (43) 762668
240,Angela,Weeks,+374 (43) 515387
241,Nicole,Perkins,+374 (72) 001037
242,Michael,Moore,+374 (93) 534146
243,Donna,King,+374 (17) 794412
244,Samuel,Mccall,+374 (71) 752276
245,Todd,Gillespie,+374 (72) 103689
246,Beverly,Reyes,+374 (21) 417799
247,Jenny,Cooper,+374 (56) 027320
248,Howard,Lucas,+374 (10) 242244
249,Greg,Bennett,+374 (33) 328154
250,Laura,Palmer,+374 (92) 860668
251,Dana,Vasquez,+374 (69) 395447
252,Kenneth,Andrews,+374 (48) 736227
253,Robert,Nash,+374 (94) 866464
254,Kaitlyn,Nunez,+374 (79) 313619
255,Kimberly,Parrish,+374 (14) 451772
256,Susan,Webb,+374 (79) 745122
257,David,Carey,+374 (94) 852934
258,Eric,Brown,+374 (11) 332228
259,Lisa,Kirk,+374 (31) 755325
260,Marco,Clark,+374 (52) 704843
261,Brandon,Sullivan,+374 (15) 852846
262,Marissa,Lucero,+374 (59) 600786
263,Mackenzie,Shaffer,+374 (53) 643679
264,Laura,Delgado,+374 (96) 666979
265,Holly,Mckenzie,+374 (36) 490185
266,Scott,Webb,+374 (58) 170084
267,Alexander,Smith,+374 (51) 368352
268,Jennifer,Jimenez,+374 (91) 194158
269,Dawn,Baker,+374 (54) 805097
270,Russell,Fisher,+374 (30) 090215
271,Scott,Klein,+374 (38) 555311
272,Amanda,Turner,+374 (83) 807429
273,Tony,Wilkerson,+374 (36) 279048
274,Christina,Ramos,+374 (64) 601131
275,Robert,Hunter,+374 (64) 913360
276,William,Woodard,+374 (90) 236639
277,Curtis,Sanford,+374 (57) 638272
278,April,Stephens,+374 (26) 990550
279,Aaron,Barton,+374 (51) 759376
280,Annette,Lawrence,+374 (85) 318458
281,Angela,Hardin,+374 (42) 692090
282,Jessica,Wong,+374 (98) 140096
283,Jennifer,Griffith,+374 (65) 449851
284,Maurice,Boone,+374 (46) 165829
285,Whitney,Garrison,+374 (58) 553139
286,Gregory,Cross,+374 (76) 026060
287,Breanna,Brennan,+374 (46) 343310
288,Ryan,Smith,+374 (51) 712477
289,Laura,Ward,+374 (53) 682580
290,Lisa,Roberts,+374 (99) 155901
291,Travis,Cannon,+374 (54) 968101
292,Kaylee,Fisher,+374 (88) 920800
293,Teresa,Macdonald,+374 (94) 776970
294,Stephen,Meyers,+374 (32) 189332
295,Lori,Salazar,+374 (89) 831252
296,Holly,Massey,+374 (70) 083661
297,Renee,Mercado,+374 (22) 609665
298,James,Andrews,+374 (39) 221014
299,Jason,Miles,+374 (28) 961008
300,Mark,Mullins,+374 (33) 847603
301,Eric,Flores,+374 (90) 661185
302,Thomas,Wallace,+374 (86) 545717
303,Brittany,Hernandez,+374 (43) 972478
304,Juan,Schmitt,+374 (20) 386192
305,Harold,Zuniga,+374 (21) 520122
306,Deanna,Carrillo,+374 (43) 990515
307,Angela,Charles,+374 (51) 642689
308,Emily,Welch,+374 (18) 863504
309,Jennifer,Griffin,+374 (80) 216991
310,Eric,Williams,+374 (91) 135953
311,Scott,Burch,+374 (51) 374147
312,Heidi,Lewis,+374 (90) 445353
313,Todd,Mccann,+374 (28) 295992
314,James,Middleton,+374 (35) 334148
315,Andrew,Ferguson,+374 (81) 064621
316,Amy,Johnson,+374 (35) 796557
317,Mitchell,Larson,+374 (85) 383930
318,Brandi,Russo,+374 (57) 363532
319,Alexis,Brooks,+374 (60) 782805
320,Ryan,Huynh,+374 (64) 414666
321,Heather,Thomas,+374 (36) 820234
322,Stacy,Christensen,+374 (80) 972353
323,Tommy,Fuller,+374 (50) 394195
324,Lisa,Horn,+374 (61) 194341
325,Claudia,Barrett,+374 (63) 029437
326,Robert,Bush,+374 (38) 851132
327,Joy,Bowers,+374 (91) 522282
328,Megan,Jones,+374 (60) 653324
329,Bonnie,Rojas,+374 (81) 424035
330,Mario,Bowen,+374 (29) 552418
331,Lori,Flores,+374 (82) 238517
332,Louis,Summers,+374 (92) 029302
333,Steven,Bradford,+374 (61) 489950
334,Eric,Jones,+374 (89) 770348
335,Christine,Smith,+374 (27) 721422
336,Angela,Mcdonald,+374 (62) 620501
337,John,Moore,+374 (18) 489038
338,Richard,Wallace,+374 (84) 215788
339,Laura,Nelson,+374 (92) 009934
340,Carl,Fitzgerald,+374 (40) 194751
341,Teresa,Hooper,+374 (38) 051267
342,Jessica,Cunningham,+374 (60) 000448
343,Aaron,Phillips,+374 (97) 660364
344,Jake,Myers,+374 (56) 266728
345,Shawna,Smith,+374 (66) 492549
346,Brian,Rich,+374 (30) 902072
347,Ann,Garcia,+374 (39) 100185
348,Tracy,Hubbard,+374 (46) 008550
349,Deanna,Avery,+374 (64) 121833
350,Yvette,Morgan,+374 (82) 793481
351,Dennis,Henry,+374 (20) 523935
352,Elizabeth,Fischer,+374 (29) 975826
353,Danny,Doyle,+374 (53) 908021
354,Peter,Orr,+374 (30) 279452
355,Melinda,Whitaker,+374 (25) 677188
356,Kaitlyn,Cook,+374 (46) 268465
357,John,Smith,+374 (46) 817106
358,Brittany,Porter,+374 (19) 932096
359,Holly,Cook,+374 (11) 449987
360,Joseph,Brooks,+374 (77) 035976
361,Elizabeth,Walters,+374 (23) 244908
362,Kenneth,Duffy,+374 (54) 862946
363,Crystal,Marquez,+374 (27) 379455
364,Mark,Wilson,+374 (76) 484891
365,James,Wood,+374 (75) 098786
366,Felicia,Snow,+374 (21) 768803
367,Jacob,Butler,+374 (77) 782028
368,Amy,Diaz,+374 (35) 347010
369,Anthony,Martinez,+374 (35) 793275
370,Ian,Murray,+374 (48) 447700
371,Jason,Montgomery,+374 (24) 162388
372,Bryan,Williams,+374 (27) 115774
373,Gary,Marsh,+374 (95) 586626
374,Carol,Ferguson,+374 (24) 142185
375,Laura,Armstrong,+374 (88) 873831
376,Meredith,Thornton,+374 (86) 382971
377,Jonathan,Giles,+374 (27) 023891
378,Catherine,Torres,+374 (73) 394875
379,Richard,Bell,+374 (31) 289778
380,April,Garcia,+374 (44) 213624
381,Rose,Kelley,+374 (69) 945209
382,Joshua,Juarez,+374 (11) 458302
383,Heather,Pineda,+374 (47) 052469
384,Elizabeth,Taylor,+374 (77) 857677
385,Christopher,Boyer,+374 (83) 650600
386,Timothy,Cox,+374 (36) 859282
387,Robert,Dunn,+374 (61) 416034
388,Hannah,Ellison,+374 (80) 059609
389,Nathan,Miller,+374 (82) 009928
390,Christopher,Singh,+374 (75) 656024
391,Tracy,Schwartz,+374 (76) 528619
392,Chelsea,Davis,+374 (45) 499459
393,Tracy,Morris,+374 (46) 129636
394,Kenneth,Brown,+374 (76) 518222
395,Kaylee,Gutierrez,+374 (52) 039069
396,Cassandra,Bennett,+374 (35) 192973
397,Christine,Moore,+374 (43) 742618
398,Zachary,Bernard,+374 (43) 324864
399,John,Austin,+374 (44) 577410
400,Jason,Ritter,+374 (69) 079932
401,Lindsay,Charles,+374 (19) 528724
402,Rebecca,Garcia,+374 (87) 423312
403,Sherry,Mcdonald,+374 (36) 522387
404,Marie,Sanders,+374 (23) 405353
405,Jacob,Simpson,+374 (68) 290136
406,John,Lawrence,+374 (29) 023677
407,Daniel,Mccall,+374 (33) 662430
408,Kimberly,Stanley,+374 (71) 824123
409,Maria,Lynch,+374 (28) 565445
410,Jason,Evans,+374 (21) 807823
411,Christian,Patel,+374 (35) 862906
412,Sean,Brown,+374 (83) 526966
413,Nathaniel,Hancock,+374 (33) 841221
414,Nicholas,Lopez,+374 (28) 555693
415,Ryan,Conner,+374 (90) 272627
416,Angela,Pacheco,+374 (54) 251185
417,Lisa,Greer,+374 (76) 860279
418,Margaret,Brooks,+374 (83) 975600
419,Ashley,Jones,+374 (23) 517762
420,Virginia,Grant,+374 (19) 910202
421,Christopher,Roman,+374 (11) 285884
422,Katherine,Montgomery,+374 (27) 290153
423,Janet,Thomas,+374 (22) 632528
424,Michael,Powers,+374 (14) 582062
425,Angela,Peterson,+374 (36) 348561
426,Heather,Hart,+374 (20) 399278
427,Caleb,Morales,+374 (58) 120717
428,James,Bond,+374 (32) 530609
429,Christopher,Powell,+374 (39) 575672
430,Michael,Christensen,+374 (36) 699552
431,Melissa,Barrett,+374 (49) 699714
432,Heather,Watson,+374 (90) 266633
433,Austin,Henry,+374 (51) 335318
434,Jennifer,Taylor,+374 (79) 428583
435,Brandi,Hanna,+374 (57) 871179
436,Jason,Stark,+374 (64) 329404
437,Brenda,Powell,+374 (41) 694179
438,Blake,Reed,+374 (43) 635387
439,Amy,Richardson,+374 (79) 917148
440,Mario,Walker,+374 (35) 587036
441,Mark,Mckenzie,+374 (16) 488742
442,Crystal,Williams,+374 (47) 536895
443,Kelly,Jones,+374 (19) 313417
444,Donna,Robbins,+374 (28) 750701
445,Jeffrey,Sandoval,+374 (99) 273386
446,Lindsay,Ferguson,+374 (26) 209037
447,Jeffrey,Anderson,+374 (51) 922551
448,Samantha,Weiss,+374 (38) 720519
449,Corey,Harris,+374 (35) 778481
450,Christopher,Carney,+374 (43) 194917
451,Robert,Maldonado,+374 (70) 231347
452,Caroline,Harris,+374 (95) 127077
453,Whitney,Benson,+374 (17) 664845
454,Catherine,Mccarthy,+374 (85) 806458
455,Craig,Garza,+374 (41) 914586
456,Angela,Swanson,+374 (49) 547860
457,Gerald,Horton,+374 (35) 507503
458,Wendy,Perez,+374 (64) 896726
459,Justin,Gibson,+374 (78) 412381
460,David,Harris,+374 (22) 234503
461,Thomas,Mejia,+374 (42) 220777
462,Samantha,Wilkinson,+374 (50) 767733
463,Kyle,Moore,+374 (94) 189333
464,Jane,Campbell,+374 (29) 441917
465,Amanda,Huffman,+374 (95) 058976
466,Christine,Spencer,+374 (48) 962711
467,Tracy,Thomas,+374 (96) 565022
468,Ryan,Nguyen,+374 (16) 025572
469,Christopher,Woods,+374 (10) 893840
470,Brian,Long,+374 (84) 116914
471,Angela,Martinez,+374 (51) 216784
472,Brenda,Cantrell,+374 (34) 712502
473,Howard,Edwards,+374 (13) 118916
474,Jeremy,Thomas,+374 (70) 641427
475,Rose,Kaiser,+374 (89) 116422
476,Kevin,Lopez,+374 (66) 095029
477,Philip,Mann,+374 (25) 538664
478,Lori,Mendoza,+374 (33) 952372
479,Danielle,Williams,+374 (25) 180203
480,Donna,Atkins,+374 (93) 575568
481,Andrew,Baker,+374 (28) 150538
482,Cynthia,Higgins,+374 (56) 896454
483,Richard,Schneider,+374 (99) 182376
484,Bryan,Knapp,+374 (62) 149535
485,Marissa,Wilson,+374 (49) 885297
486,Bradley,Chavez,+374 (68) 804280
487,Rachel,Hart,+374 (51) 037573
488,Jared,Graham,+374 (27) 989768
489,Robert,Mueller,+374 (46) 165347
490,Scott,Raymond,+374 (80) 499783
491,Thomas,Morris,+374 (28) 889445
492,Brenda,Thomas,+374 (73) 139161
493,Andrew,Ayers,+374 (78) 418268
494,Gabriel,Foster,+374 (24) 839227
495,Marcus,Phillips,+374 (43) 575746
496,Shawn,Lutz,+374 (16) 704197
497,Anne,Williams,+374 (15) 627064
498,Jessica,Walker,+374 (17) 316076
499,Ashlee,Mora,+374 (92) 252042
500,Nicholas,Lawson,+374 (32) 449715
501,James,Carpenter,+374 (18) 085038
502,Teresa,Winters,+374 (90) 569069
503,Kathryn,Singleton,+374 (60) 254868
504,Thomas,Romero,+374 (94) 806567
505,David,Mason,+374 (11) 403077
506,Jason,Keller,+374 (26) 185503
507,Dawn,Burke,+374 (53) 734320
508,Jerry,Reed,+374 (20) 851614
509,Antonio,Haas,+374 (57) 431850
510,Rebecca,Jackson,+374 (22) 636022
511,Johnathan,Guerrero,+374 (87) 611797
512,Mark,Hudson,+374 (60) 416853
513,Emily,Brown,+374 (49) 590891
514,Victoria,Peterson,+374 (84) 981939
515,Hannah,Newman,+374 (11) 989774
516,Melody,Dickson,+374 (43) 141463
517,Lauren,Williams,+374 (80) 315511
518,Brett,Perez,+374 (46) 772969
519,Andrea,Smith,+374 (35) 527964
520,Erica,Rogers,+374 (25) 705231
521,Lisa,Gonzales,+374 (66) 363768
522,Jeremy,Morales,+374 (19) 343750
523,Dawn,Williams,+374 (53) 536467
524,Jasmine,Bennett,+374 (27) 218457
525,Sarah,Martinez,+374 (19) 360207
526,Mark,Robinson,+374 (27) 763863
527,Michael,Allen,+374 (17) 950139
528,Mary,Short,+374 (37) 043454
529,Latasha,Cummings,+374 (34) 937565
530,Kevin,Hodges,+374 (25) 713274
531,James,Whitney,+374 (73) 121512
532,Barbara,Escobar,+374 (56) 969341
533,Anthony,Orr,+374 (49) 715452
534,Larry,Vincent,+374 (98) 779247
535,Frank,Trujillo,+374 (14) 958739
536,Sharon,Good,+374 (79) 502104
537,Destiny,Riddle,+374 (50) 670039
538,Barry,Williams,+374 (28) 985826
539,Kristen,Rivera,+374 (94) 223118
540,Elizabeth,Franklin,+374 (47) 846446
541,Jennifer,Howard,+374 (56) 975658
542,Olivia,Harrison,+374 (85) 431276
543,Billy,Young,+374 (93) 968265
544,Alicia,Whitaker,+374 (71) 602914
545,Tonya,Brown,+374 (91) 143112
546,William,Fowler,+374 (20) 950035
547,Daniel,Gross,+374 (78) 017143
548,Alyssa,Paul,+374 (95) 866848
549,Erin,Hernandez,+374 (43) 513168
550,Brian,Martin,+374 (89) 091577
551,Tracy,Gonzalez,+374 (31) 109464
552,John,Sandoval,+374 (90) 214828
553,Douglas,Henderson,+374 (78) 708122
554,Dennis,King,+374 (42) 894421
555,Benjamin,Hill,+374 (55) 999387
556,Heather,Hunt,+374 (26) 019113
557,Christine,Fields,+374 (39) 833270
558,Brittany,Black,+374 (74) 321968
559,Hector,Pittman,+374 (52) 218965
560,Phillip,Mitchell,+374 (41) 477087
561,Nicholas,Terry,+374 (46) 869357
562,Tami,Rogers,+374 (21) 522117
563,Heather,Mahoney,+374 (30) 551331
564,Johnny,Taylor,+374 (78) 943040
565,Jesse,Dickerson,+374 (36) 516096
566,Deborah,Harris,+374 (71) 295186
567,Denise,Turner,+374 (72) 513380
568,Joyce,Rios,+374 (47) 308092
569,Kayla,Martinez,+374 (54) 385463
570,Jennifer,Bowers,+374 (16) 026051
571,Jared,Buckley,+374 (13) 862439
572,Kim,Collins,+374 (93) 868092
573,Ryan,Norris,+374 (31) 628346
574,Lori,Montoya,+374 (55) 677930
575,Nicholas,Hogan,+374 (44) 103245
576,Ruth,Lowe,+374 (11) 763451
577,Stephanie,Archer,+374 (99) 202094
578,Victor,Short,+374 (20) 234602
579,Miranda,Parker,+374 (90) 471272
580,Ralph,Short,+374 (76) 373991
581,Andrew,Simpson,+374 (90) 272175
582,Julie,Valdez,+374 (88) 527330
583,Crystal,Diaz,+374 (56) 626799
584,Lisa,Meyer,+374 (91) 446135
585,Jeffery,Carey,+374 (95) 668842
586,Victoria,Wilson,+374 (36) 071274
587,Megan,Perkins,+374 (48) 967203
588,Victoria,Yates,+374 (21) 791715
589,Sarah,Mullins,+374 (29) 439457
590,Peter,Rodriguez,+374 (50) 549360
591,Scott,Garcia,+374 (23) 798080
592,Taylor,Peters,+374 (76) 397630
593,Michael,Gray,+374 (40) 978801
594,Vincent,Valentine,+374 (58) 518784
595,David,Wilkerson,+374 (51) 665244
596,Jonathan,Williams,+374 (46) 918380
597,Charles,Macdonald,+374 (17) 373083
598,Michelle,Singh,+374 (29) 167771
599,Mark,Heath,+374 (18) 066366
600,Joshua,Mosley,+374 (22) 750854
601,Jared,Whitehead,+374 (73) 092875
602,Ethan,Porter,+374 (82) 695640
603,Carrie,Shepherd,+374 (41) 956097
604,Samantha,Wilkins,+374 (75) 291647
605,Brittany,Taylor,+374 (95) 013029
606,Tony,Johnston,+374 (70) 334790
607,Eric,Johnson,+374 (78) 618968
608,Chad,Robinson,+374 (77) 814576
609,Wesley,Moreno,+374 (32) 921255
610,Lauren,Goodwin,+374 (58) 955277
611,Louis,Green,+374 (75) 947669
612,Judy,Green,+374 (13) 729195
613,Aaron,Wheeler,+374 (86) 956857
614,Kimberly,Lee,+374 (40) 729058
615,Marilyn,Simpson,+374 (45) 370396
616,Debbie,Richardson,+374 (15) 801904
617,Timothy,Lopez,+374 (72) 888094
618,Seth,Bailey,+374 (86) 487041
619,Christian,Brown,+374 (53) 481364
620,Steven,Watson,+374 (85) 248882
621,Kathy,Porter,+374 (74) 733841
622,James,Owen,+374 (15) 995394
623,Brian,Ford,+374 (11) 662360
624,Lisa,Morales,+374 (99) 622348
625,Angela,Tyler,+374 (91) 581040
626,Kenneth,Carey,+374 (76) 529338
627,Heather,Cain,+374 (14) 713809
628,Marisa,Potter,+374 (74) 607377
629,Sheila,Smith,+374 (13) 933124
630,Mary,Foster,+374 (87) 353387
631,Shannon,Tyler,+374 (62) 776662
632,Christina,Austin,+374 (34) 778625
633,Charles,Powell,+374 (89) 861323
634,John,Hunt,+374 (18) 070463
635,Nicole,Stuart,+374 (59) 180211
636,Brent,Carter,+374 (56) 026393
637,David,Diaz,+374 (59) 907135
638,Bryan,Lewis,+374 (34) 774719
639,Peter,Brown,+374 (37) 068128
640,Patricia,Miller,+374 (79) 824830
641,Haley,Howard,+374 (79) 559285
642,Derrick,Ruiz,+374 (80) 220650
643,Ashley,Spencer,+374 (19) 884102
644,Jason,Henry,+374 (93) 053538
645,Kelly,Williams,+374 (54) 352631
646,Sarah,Boone,+374 (43) 412337
647,Samantha,Wilson,+374 (91) 448945
648,Melissa,Mitchell,+374 (38) 727156
649,Michael,Campbell,+374 (32) 820662
650,Barbara,Sullivan,+374 (55) 258374
651,Andrew,Clark,+374 (30) 608216
652,Paul,Castillo,+374 (99) 944080
653,Darin,Goodwin,+374 (19) 086438
654,Maria,Rodriguez,+374 (77) 255945
655,Andre,Miller,+374 (71) 028151
656,Cynthia,Martinez,+374 (65) 134295
657,Isabella,Turner,+374 (19) 894488
658,Justin,Smith,+374 (18) 426030
659,Brent,Ross,+374 (58) 534416
660,Amy,Johnson,+374 (25) 883410
661,Richard,Gray,+374 (13) 790769
662,Lori,Doyle,+374 (15) 016593
663,Ashley,Murray,+374 (60) 549289
664,Ryan,Johnson,+374 (35) 410647
665,Charles,Peterson,+374 (90) 637343
666,Chris,Jones,+374 (66) 881696
667,Alicia,Marshall,+374 (61) 627838
668,Helen,Peterson,+374 (21) 384280
669,Kevin,Rojas,+374 (39) 648238
670,Jaclyn,Hale,+374 (12) 685764
671,Tracy,Knight,+374 (70) 722166
672,Christian,Young,+374 (36) 055157
673,Andrea,Daniels,+374 (97) 650386
674,Eric,Stevens,+374 (33) 563982
675,William,Villa,+374 (39) 889345
676,Tammy,Fuller,+374 (47) 441720
677,David,Kelley,+374 (38) 580722
678,Maureen,Evans,+374 (97) 166924
679,Philip,Henderson,+374 (34) 864668
680,Sara,Potter,+374 (41) 463398
681,Ronald,Ross,+374 (64) 937881
682,Deborah,Rivera,+374 (46) 195515
683,Timothy,Pacheco,+374 (96) 225256
684,Michael,Fernandez,+374 (44) 152226
685,Lynn,Johnson,+374 (38) 489188
686,Anne,Calhoun,+374 (23) 440102
687,Thomas,Becker,+374 (84) 178167
688,Stephen,Stephenson,+374 (48) 913010
689,Andrea,James,+374 (27) 188103
690,Leah,Bell,+374 (84) 459195
691,Megan,Moss,+374 (40) 967266
692,Earl,Harding,+374 (39) 957626
693,Joseph,Arnold,+374 (55) 962599
694,Leslie,Reyes,+374 (76) 674738
695,Lindsay,Orozco,+374 (21) 709681
696,Robert,Mclean,+374 (84) 951345
697,Diane,Gibbs,+374 (75) 921705
698,Clayton,James,+374 (78) 940463
699,Stefanie,Garza,+374 (16) 591970
700,Ann,Chavez,+374 (39) 556992
701,Robin,Zimmerman,+374 (94) 544854
702,Lisa,Powell,+374 (81) 566318
703,Andrea,Braun,+374 (60) 198643
704,Tina,Stephens,+374 (54) 171319
705,Ryan,Davis,+374 (16) 751543
706,Jason,Yu,+374 (63) 876301
707,George,Stevens,+374 (62) 751070
708,Linda,Carroll,+374 (45) 540326
709,Joseph,Frazier,+374 (66) 272545
710,Kathryn,Lee,+374 (82) 643012
711,Nicholas,Ward,+374 (60) 332127
712,Cristina,Shaffer,+374 (24) 541897
713,Brian,Wright,+374 (10) 566292
714,Oscar,Williams,+374 (33) 867342
715,Elizabeth,Hall,+374 (45) 544903
716,Monica,Strong,+374 (79) 972381
717,Deborah,Rich,+374 (33) 704717
718,Melissa,Moore,+374 (40) 773905
719,Brandon,Chavez,+374 (85) 643718
720,Catherine,Washington,+374 (75) 095938
721,Darlene,Mckenzie,+374 (33) 195211
722,Katelyn,Lewis,+374 (10) 727968
723,Julie,James,+374 (86) 304912
724,Tammy,Hester,+374 (81) 698314
725,Michael,Sharp,+374 (74) 855898
726,Joyce,Hawkins,+374 (39) 845521
727,Michelle,Paul,+374 (89) 182067
728,Tina,Solomon,+374 (30) 757700
729,Emma,Scott,+374 (24) 843171
730,Eric,Jones,+374 (35) 660940
731,Steven,Jimenez,+374 (93) 461052
732,Mark,Johnson,+374 (55) 756752
733,Brooke,Simpson,+374 (43) 944604
734,Nicole,Carr,+374 (35) 887835
735,Jacob,Soto,+374 (70) 306303
736,Donna,Nelson,+374 (64) 114723
737,Annette,Miller,+374 (27) 118135
738,Catherine,Booker,+374 (10) 678801
739,Brian,Curry,+374 (72) 336878
740,Jay,Steele,+374 (99) 070843
741,Patricia,Hamilton,+374 (56) 349426
742,Michelle,Lopez,+374 (41) 008343
743,Regina,Lopez,+374 (94) 037134
744,Lisa,Dawson,+374 (11) 698248
745,Kathleen,Nelson,+374 (17) 891974
746,Karen,Ball,+374 (44) 319958
747,Samantha,Erickson,+374 (83) 034634
748,Tammie,Robbins,+374 (64) 928706
749,Justin,Larson,+374 (94) 160962
750,Alex,Morgan,+374 (86) 719834
751,Jack,Hardy,+374 (24) 061274
752,Thomas,Gordon,+374 (94) 711487
753,Martha,Maxwell,+374 (59) 467441
754,Justin,Boyer,+374 (68) 142493
755,Teresa,Smith,+374 (53) 760415
756,Ronald,Moore,+374 (34) 561783
757,Rachel,Clark,+374 (86) 726654
758,Kimberly,Robertson,+374 (64) 078173
759,Robert,Cook,+374 (22) 802938
760,Steven,Nelson,+374 (41) 505335
761,Robert,Collins,+374 (76) 774889
762,Robert,Salinas,+374 (42) 742434
763,Curtis,Lawrence,+374 (34) 772955
764,Jason,Cameron,+374 (89) 115221
765,Carlos,Gregory,+374 (53) 649779
766,Michael,Phillips,+374 (87) 094115
767,Charles,Smith,+374 (31) 569866
768,Andrew,Rodriguez,+374 (83) 207380
769,Patricia,Forbes,+374 (45) 668466
770,Scott,Wood,+374 (92) 932945
771,Isabella,Martinez,+374 (79) 158193
772,Daniel,Perry,+374 (49) 783854
773,April,Norman,+374 (11) 437374
774,Natalie,Soto,+374 (24) 065377
775,Matthew,Clark,+374 (21) 861688
776,Melinda,Shea,+374 (98) 597248
777,Ernest,Garza,+374 (87) 843558
778,Brandon,Bartlett,+374 (92) 620139
779,William,Franklin,+374 (89) 984894
780,Angela,Medina,+374 (48) 352548
781,James,Dunn,+374 (89) 081536
782,Stephanie,Perkins,+374 (88) 909188
783,Brianna,Jackson,+374 (15) 692038
784,Ryan,Cox,+374 (10) 424849
785,Paul,Rose,+374 (99) 465685
786,Teresa,Gibson,+374 (42) 813651
787,Marcia,Norris,+374 (92) 427303
788,Tina,Sherman,+374 (17) 361395
789,Lori,Cameron,+374 (57) 542440
790,Timothy,Durham,+374 (92) 632380
791,Susan,Green,+374 (47) 957905
792,Christopher,Smith,+374 (51) 110203
793,Melissa,Myers,+374 (61) 471361
794,Victoria,Washington,+374 (99) 647071
795,Matthew,Brown,+374 (36) 415732
796,Joy,Snow,+374 (14) 411184
797,Gregory,Dawson,+374 (52) 039505
798,Victor,Freeman,+374 (96) 016831
799,Jesse,Allen,+374 (24) 630419
800,Cesar,Nguyen,+374 (29) 067714
801,Linda,Doyle,+374 (25) 915587
802,Alejandro,Anderson,+374 (40) 726620
803,Karina,Watson,+374 (62) 857225
804,Samantha,Reilly,+374 (69) 585529
805,Tammy,Gonzalez,+374 (31) 368775
806,Jennifer,Stewart,+374 (75) 547790
807,Jeffrey,Stephens,+374 (64) 605437
808,Adam,Bradley,+374 (73) 785196
809,James,Rodriguez,+374 (39) 566220
810,William,Cruz,+374 (50) 842765
811,Stephanie,Johnson,+374 (29) 459533
812,Daniel,Hall,+374 (93) 764749
813,Christopher,Weber,+374 (84) 670994
814,Becky,Boyle,+374 (64) 019459
815,Tammy,Martinez,+374 (75) 670457
816,Brooke,Deleon,+374 (22) 799407
817,Nancy,Boyd,+374 (40) 257143
818,Lisa,Hendricks,+374 (27) 229360
819,Douglas,Mills,+374 (20) 043629
820,Tami,Harris,+374 (87) 902459
821,Ronald,Chapman,+374 (45) 441859
822,Matthew,Perkins,+374 (23) 572597
823,Alicia,Mills,+374 (19) 433904
824,Margaret,Tucker,+374 (38) 988050
825,Kelly,Aguilar,+374 (51) 190242
826,Debra,Parsons,+374 (99) 380051
827,Kelly,Sims,+374 (51) 483086
828,Raven,Davies,+374 (86) 352678
829,Ryan,Miller,+374 (53) 030758
830,Bradley,Tran,+374 (67) 189055
831,Yolanda,Morgan,+374 (95) 816171
832,Emily,Petersen,+374 (97) 903917
833,Travis,Peterson,+374 (84) 362958
834,Michael,Nelson,+374 (97) 166071
835,Samantha,Schwartz,+374 (37) 470995
836,Thomas,Castillo,+374 (38) 792840
837,Alan,Miranda,+374 (29) 895647
838,Gary,Martinez,+374 (34) 871519
839,Diana,Hernandez,+374 (63) 130020
840,Jennifer,Smith,+374 (22) 732517
841,Scott,Benton,+374 (26) 091740
842,Savannah,Estrada,+374 (51) 906206
843,Anthony,White,+374 (89) 842472
844,Bonnie,Goodwin,+374 (62) 794020
845,Amanda,Johnson,+374 (82) 713626
846,Anne,Thompson,+374 (57) 543771
847,Emily,Smith,+374 (49) 933644
848,Christopher,Marks,+374 (62) 179461
849,Donald,Little,+374 (60) 916284
850,Claudia,Brown,+374 (70) 602069
851,Steven,Myers,+374 (26) 016294
852,Meghan,Walsh,+374 (86) 208932
853,Rachel,Moreno,+374 (29) 311225
854,Justin,Day,+374 (44) 357541
855,Amanda,Johnson,+374 (50) 632316
856,Brandi,Rose,+374 (63) 478656
857,Kenneth,Doyle,+374 (88) 582791
858,Erica,Donaldson,+374 (83) 264518
859,Kimberly,Frey,+374 (97) 544260
860,Linda,Cook,+374 (15) 170822
861,Gary,Harper,+374 (98) 733525
862,Victoria,Shepherd,+374 (97) 423380
863,Jerry,Moore,+374 (27) 418400
864,Evan,Logan,+374 (26) 920952
865,Tammy,Hanson,+374 (20) 210236
866,Randy,Martinez,+374 (16) 127590
867,Jordan,Graves,+374 (67) 671288
868,Steven,Sanders,+374 (27) 247388
869,Frank,Cardenas,+374 (33) 145320
870,Barry,Collins,+374 (76) 276948
871,William,Valenzuela,+374 (57) 192796
872,Jeffrey,Miller,+374 (39) 145851
873,Alexander,Cole,+374 (22) 189788
874,Jenna,Horn,+374 (25) 393317
875,Denise,Bates,+374 (83) 179542
876,Timothy,Hernandez,+374 (44) 876216
877,Crystal,Sanchez,+374 (82) 594438
878,Sandra,Lopez,+374 (12) 763952
879,Katrina,Reyes,+374 (13) 226050
880,Sherry,Greene,+374 (89) 993405
881,John,Sanchez,+374 (46) 471187
882,William,Baxter,+374 (79) 141730
883,Jeffrey,Obrien,+374 (32) 797368
884,Jessica,Reyes,+374 (14) 655592
885,Eddie,Wilson,+374 (26) 169141
886,Lori,Burnett,+374 (64) 034303
887,William,Robbins,+374 (20) 633822
888,April,Willis,+374 (23) 296876
889,Scott,White,+374 (72) 242380
890,Kimberly,James,+374 (13) 968358
891,Daniel,Henderson,+374 (13) 778191
892,David,Thompson,+374 (74) 907374
893,Tanner,Phillips,+374 (11) 718478
894,Michele,Sawyer,+374 (85) 710299
895,Emily,Collier,+374 (96) 589990
896,Kim,Walker,+374 (11) 681257
897,Julie,Johnson,+374 (90) 852251
898,Bruce,Shepard,+374 (40) 960272
899,Katrina,Roth,+374 (56) 303008
900,Juan,Perez,+374 (27) 880399
901,Tanya,Rivera,+374 (34) 401093
902,Kristin,Lopez,+374 (29) 088436
903,Megan,Ford,+374 (45) 373931
904,Deborah,Walls,+374 (59) 268360
905,Jennifer,Davis,+374 (83) 750376
906,Nancy,Bright,+374 (65) 888298
907,Katelyn,Cook,+374 (69) 192380
908,Stephen,Rosales,+374 (57) 097409
909,Matthew,Nelson,+374 (64) 532346
910,Kevin,Burke,+374 (10) 267875
911,David,Davis,+374 (53) 360980
912,Caitlyn,Williams,+374 (82) 237431
913,Douglas,Meadows,+374 (21) 129052
914,Lisa,Watts,+374 (59) 462711
915,Brittney,Gibson,+374 (18) 510800
916,William,Blevins,+374 (12) 258106
917,Michael,Mcdonald,+374 (98) 304783
918,Stephanie,Downs,+374 (80) 994309
919,Tiffany,Scott,+374 (24) 824051
920,Monica,Thompson,+374 (54) 953571
921,Patricia,Rodriguez,+374 (59) 806733
922,Gabriel,Guerra,+374 (34) 347328
923,Allison,Scott,+374 (89) 864118
924,Kelsey,Bennett,+374 (11) 833705
925,Aaron,Kim,+374 (20) 168571
926,Robert,Hoover,+374 (78) 108532
927,Cheryl,West,+374 (97) 646908
928,Allison,Branch,+374 (10) 101591
929,Michael,Key,+374 (67) 357184
930,Jeffery,Graham,+374 (27) 341225
931,Nicholas,Bates,+374 (95) 132984
932,Phillip,Holmes,+374 (99) 448899
933,Summer,Trujillo,+374 (43) 776203
934,Brittany,Hill,+374 (69) 625078
935,Nicholas,Tran,+374 (63) 551774
936,Lisa,Todd,+374 (27) 818482
937,Jane,Rodriguez,+374 (90) 075865
938,Kenneth,Stewart,+374 (26) 529338
939,Michael,Ward,+374 (79) 938527
940,Joshua,Holland,+374 (25) 687024
941,Cathy,Ayers,+374 (82) 254753
942,Jeffery,Williams,+374 (22) 509730
943,Jacqueline,Massey,+374 (29) 698006
944,Jeffrey,Estrada,+374 (89) 509999
945,Carrie,Roberson,+374 (78) 712155
946,Scott,Jensen,+374 (23) 708179
947,Jessica,Aguilar,+374 (61) 848584
948,Jamie,Gibson,+374 (22) 988822
949,Mary,Jones,+374 (17) 880599
950,Anthony,Thomas,+374 (49) 174832
951,Hannah,Kramer,+374 (56) 605386
952,Kathryn,Chavez,+374 (18) 105628
953,Lori,Gray,+374 (16) 551055
954,Cheryl,Cox,+374 (10) 408212
955,Elizabeth,Lyons,+374 (42) 036663
956,Bradley,Guerrero,+374 (30) 896542
957,Shannon,Rubio,+374 (19) 157205
958,Crystal,Hughes,+374 (31) 178293
959,Christopher,Harper,+374 (50) 732779
960,Brian,Evans,+374 (32) 964717
961,Lori,Armstrong,+374 (74) 556826
962,Sherri,Wright,+374 (54) 540628
963,Kimberly,Perez,+374 (25) 576006
964,Derek,Mclaughlin,+374 (23) 502258
965,Kelly,White,+374 (44) 817065
966,Amanda,Hansen,+374 (45) 227339
967,Steven,Mitchell,+374 (63) 754744
968,Carrie,Jones,+374 (46) 151053
969,Nicholas,Newton,+374 (67) 503402
970,Robert,Mcmillan,+374 (57) 257422
971,Jo,Navarro,+374 (32) 799822
972,Caitlyn,Arias,+374 (30) 661279
973,Sherri,Patton,+374 (70) 437424
974,Melissa,Espinoza,+374 (59) 592954
975,Adam,Patterson,+374 (71) 782916
976,Margaret,Mann,+374 (77) 478678
977,Thomas,Romero,+374 (30) 049858
978,Frederick,Weiss,+374 (82) 987507
979,Jason,Kerr,+374 (69) 473766
980,Tricia,Contreras,+374 (56) 793861
981,Edward,Peterson,+374 (52) 707130
982,David,Webster,+374 (94) 706941
983,Blake,Smith,+374 (20) 399721
984,Michael,Owen,+374 (50) 394928
985,Brett,Conway,+374 (55) 603072
986,Theresa,Mann,+374 (83) 633943
987,Tracy,Jordan,+374 (70) 281359
988,Joseph,Green,+374 (67) 049625
989,Jennifer,West,+374 (82) 046709
990,Kim,Holland,+374 (92) 162881
991,Debra,Tate,+374 (67) 137296
992,Candice,Hood,+374 (66) 567665
993,Brian,Schultz,+374 (20) 082848
994,Karen,Bowers,+374 (75) 786116
995,Logan,Goodwin,+374 (32) 591298
996,Alicia,Romero,+374 (57) 929962
997,Kenneth,Gordon,+374 (36) 040947
998,William,Gonzalez,+374 (19) 321433
999,Kimberly,Woods,+374 (57) 069280
1000,Thomas,Powell,+374 (80) 262165
1001,Jerome,Alvarez,+374 (21) 825055
1002,Whitney,Ramirez,+374 (81) 175782
1003,Kenneth,Torres,+374 (17) 384733
1004,Robert,Jones,+374 (29) 433454
1005,Gary,Flores,+374 (34) 225370
1006,Frank,Ward,+374 (77) 138275
1007,Michael,Powell,+374 (90) 196382
1008,Alexander,Henry,+374 (64) 883184
1009,Marvin,Moore,+374 (40) 398961
1010,Rachel,Potter,+374 (69) 289902
1011,Sara,Evans,+374 (91) 244435
1012,Kenneth,Merritt,+374 (62) 519481
1013,Brenda,Daniel,+374 (47) 056942
1014,Marilyn,Copeland,+374 (69) 163957
1015,Vanessa,Henry,+374 (65) 463761
1016,Robert,Murray,+374 (14) 135738
1017,Patricia,Peterson,+374 (94) 271827
1018,Larry,Hayes,+374 (93) 110282
1019,Michele,Davis,+374 (49) 377575
1020,Troy,Diaz,+374 (67) 711962
1021,Daniel,Long,+374 (95) 859674
1022,Erica,Jones,+374 (88) 744770
1023,Katherine,Wilson,+374 (60) 839092
1024,Jerry,Hughes,+374 (45) 566347
1025,Lori,Evans,+374 (93) 226429
1026,Alyssa,Delacruz,+374 (17) 351878
1027,Debbie,Ritter,+374 (21) 364640
1028,Michael,Rivers,+374 (37) 864835
1029,Michael,Durham,+374 (29) 849315
1030,Jeffrey,Byrd,+374 (67) 097897
1031,Vincent,Oliver,+374 (86) 109973
1032,Roy,Smith,+374 (10) 647023
1033,Denise,Russell,+374 (59) 956664
1034,Nicole,Wilson,+374 (48) 506477
1035,Paul,Chambers,+374 (51) 974553
1036,James,Gallagher,+374 (32) 219573
1037,Angela,Howell,+374 (78) 144993
1038,Jessica,Hall,+374 (69) 109905
1039,Carrie,Brady,+374 (73) 601498
1040,Penny,Hunter,+374 (26) 302891
1041,Kayla,Casey,+374 (69) 752913
1042,Phillip,Kennedy,+374 (75) 636286
1043,Charles,Gilmore,+374 (19) 640515
1044,Felicia,Sullivan,+374 (23) 894412
1045,Diana,Bartlett,+374 (11) 739245
1046,Lee,Hudson,+374 (73) 746796
1047,Sharon,Hale,+374 (65) 648690
1048,Alan,Ruiz,+374 (78) 520473
1049,Jonathan,Morales,+374 (91) 880517
1050,Joseph,Hayes,+374 (83) 775771
1051,Derek,Sandoval,+374 (97) 972597
1052,Tracy,Jacobs,+374 (72) 743548
1053,Julia,Charles,+374 (56) 755297
1054,Shelly,Johnson,+374 (83) 274675
1055,Melissa,Chapman,+374 (56) 451217
1056,Matthew,Curtis,+374 (56) 053277
1057,Jeffrey,Rodriguez,+374 (65) 917149
1058,Angela,Hernandez,+374 (26) 258489
1059,Heather,Martinez,+374 (33) 368930
1060,Sarah,Taylor,+374 (64) 941411
1061,Gregory,Chavez,+374 (72) 452524
1062,Jeffery,Berry,+374 (71) 689843
1063,Annette,Snyder,+374 (82) 918228
1064,Kathleen,Miles,+374 (49) 864981
1065,Charles,Ramirez,+374 (88) 818825
1066,Anita,Rodriguez,+374 (86) 275880
1067,Gloria,George,+374 (20) 056625
1068,Bruce,Yu,+374 (48) 324015
1069,Amanda,Ross,+374 (65) 335602
1070,Stephanie,Adams,+374 (11) 452756
1071,Stephen,Wright,+374 (91) 189029
1072,Paul,Jones,+374 (67) 499780
1073,Kiara,Jones,+374 (67) 048364
1074,Taylor,Carroll,+374 (65) 464709
1075,Rachel,Mayo,+374 (81) 500029
1076,Marcus,Taylor,+374 (76) 472000
1077,John,Lambert,+374 (58) 117808
1078,Tracy,Smith,+374 (45) 394673
1079,Omar,Jackson,+374 (68) 461500
1080,Emily,Tate,+374 (55) 384444
1081,Jose,Mora,+374 (25) 100547
1082,Scott,Robertson,+374 (27) 544116
1083,Michael,Anderson,+374 (28) 992255
1084,Diana,Stevenson,+374 (11) 691684
1085,Ariel,Jackson,+374 (86) 669371
1086,Jaclyn,Mosley,+374 (76) 453139
1087,Raymond,Wright,+374 (64) 266305
1088,Linda,Bell,+374 (37) 822553
1089,Rebecca,May,+374 (89) 345066
1090,John,May,+374 (69) 208476
1091,Cristina,Duke,+374 (44) 399080
1092,Troy,Rodriguez,+374 (78) 206216
1093,Kathy,Daniels,+374 (11) 575070
1094,Katherine,Tapia,+374 (73) 257682
1095,Erik,Crane,+374 (76) 870788
1096,Jessica,Duncan,+374 (99) 569491
1097,Robert,Curry,+374 (48) 097152
1098,Michael,Dillon,+374 (75) 235447
1099,Cheryl,Nelson,+374 (14) 840816
1100,Brandon,Robinson,+374 (89) 281424
1101,Jonathan,Lee,+374 (16) 911437
1102,Caitlin,Lyons,+374 (95) 116430
1103,George,Good,+374 (34) 304676
1104,Christopher,Fowler,+374 (69) 201825
1105,Harold,Johnson,+374 (23) 435607
1106,James,Wilson,+374 (58) 276294
1107,Anthony,Rodriguez,+374 (38) 266491
1108,Martin,Williams,+374 (10) 044009
1109,Robert,Burns,+374 (34) 563863
1110,Chelsea,Jefferson,+374 (36) 013588
1111,Anthony,Hayes,+374 (83) 317288
1112,Sarah,Ponce,+374 (35) 439479
1113,Shannon,Johnson,+374 (67) 949845
1114,Cory,Vargas,+374 (94) 452512
1115,Travis,Miller,+374 (23) 057774
1116,Paul,Silva,+374 (62) 620137
1117,Jason,Santos,+374 (52) 871745
1118,Brandon,Cortez,+374 (83) 269193
1119,Lisa,Mcconnell,+374 (38) 124883
1120,Megan,Jones,+374 (82) 647849
1121,Jared,Delgado,+374 (12) 505462
1122,Erika,Rodriguez,+374 (51) 020321
1123,Joyce,Carter,+374 (63) 456282
1124,Monica,Miller,+374 (11) 693528
1125,John,Skinner,+374 (24) 365988
1126,Erica,Arnold,+374 (59) 192061
1127,Tina,Charles,+374 (77) 210352
1128,Erica,Fitzgerald,+374 (36) 257089
1129,Kristen,Moses,+374 (25) 966970
1130,Jessica,Vega,+374 (70) 319405
1131,Angela,Hunter,+374 (10) 734580
1132,Allen,Holmes,+374 (49) 661386
1133,Megan,Tran,+374 (76) 655930
1134,Omar,Heath,+374 (57) 846986
1135,Ashley,Perez,+374 (73) 230629
1136,Lindsey,Savage,+374 (22) 363499
1137,John,Scott,+374 (78) 060511
1138,Shannon,Barajas,+374 (35) 119450
1139,Brandon,Graham,+374 (85) 456379
1140,Judy,Malone,+374 (53) 091993
1141,Julia,Foster,+374 (71) 651078
1142,Mary,Pope,+374 (64) 097475
1143,Antonio,Hopkins,+374 (70) 891294
1144,Jacob,Li,+374 (61) 105717
1145,Jennifer,Long,+374 (51) 279834
1146,Daniel,Johnson,+374 (97) 772547
1147,Larry,Miller,+374 (82) 382159
1148,Hunter,Nelson,+374 (72) 810455
1149,Lee,Bennett,+374 (42) 420028
1150,John,Love,+374 (44) 699912
1151,Maria,Woods,+374 (85) 020043
1152,Jonathan,Chan,+374 (90) 996328
1153,Kristi,Perkins,+374 (71) 538740
1154,Cassandra,Gomez,+374 (60) 771160
1155,Matthew,Johnson,+374 (98) 825754
1156,Elizabeth,Martin,+374 (81) 751269
1157,Jennifer,Brown,+374 (55) 624665
1158,Jacqueline,Perez,+374 (55) 384439
1159,Deborah,Cooper,+374 (56) 042258
1160,David,Rogers,+374 (86) 129593
1161,Susan,Ball,+374 (86) 771115
1162,Natasha,Hill,+374 (33) 895711
1163,Kathy,Short,+374 (13) 183936
1164,Ronald,Mcdonald,+374 (51) 085689
1165,Jeffrey,Hubbard,+374 (57) 111468
1166,Dakota,Gibson,+374 (73) 576463
1167,Edward,Norton,+374 (28) 458424
1168,Shelby,Harris,+374 (17) 605659
1169,Drew,Jones,+374 (44) 519550
1170,Kelly,Garcia,+374 (13) 196667
1171,John,Anderson,+374 (50) 545913
1172,Mark,Carey,+374 (51) 895144
1173,Allen,Moody,+374 (42) 217419
1174,Stephanie,Ochoa,+374 (33) 809524
1175,Matthew,Davis,+374 (85) 664004
1176,Monica,Stone,+374 (26) 722196
1177,Greg,Moody,+374 (24) 845479
1178,John,Blankenship,+374 (94) 349166
1179,Michael,Montgomery,+374 (49) 339063
1180,Kimberly,May,+374 (22) 091597
1181,Kelly,Hopkins,+374 (51) 298464
1182,Julie,Barber,+374 (30) 581159
1183,Robert,Sanchez,+374 (50) 362537
1184,Ryan,Gomez,+374 (94) 046987
1185,April,Pratt,+374 (27) 794748
1186,Virginia,Tran,+374 (76) 985475
1187,Randall,Mcdonald,+374 (62) 633237
1188,David,Bradford,+374 (29) 346176
1189,Andrew,Garcia,+374 (34) 276369
1190,Patrick,Moody,+374 (98) 823098
1191,Matthew,Martinez,+374 (54) 902866
1192,Kimberly,Davidson,+374 (89) 596104
1193,Cindy,Mendez,+374 (86) 248826
1194,Jessica,Shaw,+374 (87) 144685
1195,Linda,Schultz,+374 (33) 415399
1196,Leroy,Mccall,+374 (20) 429040
1197,Kelsey,Davis,+374 (25) 604763
1198,Jennifer,Murphy,+374 (39) 344768
1199,Brooke,Bell,+374 (10) 910639
1200,Stanley,Chan,+374 (64) 412882
1201,Marie,Bauer,+374 (21) 742124
1202,Mitchell,Khan,+374 (73) 524351
1203,Tabitha,Stewart,+374 (37) 213085
1204,Albert,Roberts,+374 (28) 594562
1205,Michael,Becker,+374 (82) 170317
1206,Nicole,Dickerson,+374 (82) 690424
1207,Mary,Chen,+374 (74) 229923
1208,Randall,Prince,+374 (25) 552430
1209,Martin,Foster,+374 (71) 402281
1210,Amanda,Baird,+374 (72) 582199
1211,Nathan,Harper,+374 (75) 119737
1212,Sharon,Ochoa,+374 (34) 554570
1213,Jacob,Mendez,+374 (76) 837510
1214,Robert,Allen,+374 (24) 746800
1215,Charles,Obrien,+374 (79) 369621
1216,Daniel,Cuevas,+374 (25) 517502
1217,Kirsten,Reynolds,+374 (96) 075950
1218,Brandy,Phillips,+374 (52) 426012
1219,Hannah,Cole,+374 (31) 588133
1220,Nicholas,Petersen,+374 (94) 485611
1221,Jennifer,Gray,+374 (80) 152612
1222,Crystal,Baker,+374 (11) 306887
1223,Marie,Mendoza,+374 (56) 359653
1224,Jill,Greene,+374 (45) 207382
1225,Mary,Price,+374 (36) 501080
1226,John,Bradley,+374 (71) 500356
1227,Jessica,Palmer,+374 (66) 339281
1228,Ronald,Barnes,+374 (61) 910618
1229,Joshua,Haynes,+374 (79) 525689
1230,Calvin,Martinez,+374 (96) 204365
1231,Dan,Anderson,+374 (69) 829213
1232,Alexa,Anderson,+374 (67) 909698
1233,Christopher,Ashley,+374 (45) 246138
1234,Carlos,Harrison,+374 (11) 421430
1235,Robert,Benson,+374 (31) 066639
1236,Sarah,Anderson,+374 (87) 672442
1237,Cory,Glover,+374 (62) 590697
1238,Antonio,Shelton,+374 (78) 124217
1239,Jose,Preston,+374 (63) 027126
1240,Brian,Marshall,+374 (12) 158921
1241,Dawn,Hunt,+374 (91) 072486
1242,Kevin,Arnold,+374 (61) 217432
1243,Thomas,Miller,+374 (41) 186806
1244,Kristen,Stewart,+374 (91) 322030
1245,Gary,Stout,+374 (94) 007121
1246,Haley,Young,+374 (56) 784188
1247,Sean,Nelson,+374 (47) 814249
1248,Eric,Peters,+374 (62) 736145
1249,Jonathan,Nelson,+374 (13) 435524
1250,James,Martinez,+374 (93) 908536
1251,Chelsea,Brown,+374 (20) 506259
1252,Paul,Morgan,+374 (11) 301771
1253,April,Berg,+374 (96) 200250
1254,Adam,Thompson,+374 (69) 661793
1255,Charles,Parker,+374 (78) 325850
1256,Mackenzie,Wilson,+374 (50) 139949
1257,Luis,Velasquez,+374 (89) 496124
1258,Mary,Beck,+374 (38) 739551
1259,Jennifer,Carrillo,+374 (99) 156737
1260,Lori,Floyd,+374 (17) 033084
1261,Haley,Graham,+374 (17) 138634
1262,James,Olson,+374 (52) 164941
1263,Jaclyn,Hall,+374 (35) 556883
1264,William,Howell,+374 (75) 043186
1265,Dakota,Jimenez,+374 (56) 859994
1266,John,Allen,+374 (91) 284193
1267,Cody,Mcmahon,+374 (23) 535171
1268,Curtis,Livingston,+374 (43) 420847
1269,Nicole,Garcia,+374 (32) 312855
1270,Bryan,Mcclure,+374 (84) 373373
1271,Megan,Hardy,+374 (75) 983373
1272,Joshua,Velazquez,+374 (63) 435381
1273,Sarah,Bell,+374 (24) 177672
1274,David,Harper,+374 (35) 871164
1275,Brooke,Pearson,+374 (22) 459838
1276,Richard,Clark,+374 (47) 334310
1277,Amy,Mills,+374 (12) 075863
1278,Kimberly,Baxter,+374 (39) 120388
1279,Haley,Ross,+374 (41) 938134
1280,David,Griffin,+374 (48) 548117
1281,Chelsey,Morris,+374 (17) 242082
1282,James,Reed,+374 (28) 665855
1283,Mark,Sanders,+374 (70) 901145
1284,Benjamin,Riley,+374 (14) 841827
1285,Christopher,Ortiz,+374 (27) 700284
1286,Carolyn,Montoya,+374 (98) 580448
1287,Alexandra,Morris,+374 (68) 095735
1288,Nicholas,Gomez,+374 (55) 476445
1289,Joanne,Dunn,+374 (17) 677368
1290,Melissa,Martinez,+374 (62) 676938
1291,Ray,Harding,+374 (14) 681609
1292,Cheryl,Nelson,+374 (71) 624397
1293,Peter,Jones,+374 (11) 919650
1294,Anthony,Rivera,+374 (19) 732604
1295,Alyssa,Williams,+374 (99) 683462
1296,Megan,Miller,+374 (98) 820007
1297,Eric,Mullins,+374 (95) 417807
1298,Linda,Moran,+374 (11) 076981
1299,Joseph,Hodges,+374 (13) 301005
1300,Cheryl,Bailey,+374 (46) 293827
1301,Steven,Love,+374 (74) 032062
1302,Grant,Smith,+374 (11) 240443
1303,Elizabeth,Rowe,+374 (38) 311304
1304,Lonnie,Garner,+374 (28) 845700
1305,Marco,Johnson,+374 (59) 905276
1306,Norman,Baker,+374 (81) 246816
1307,Adriana,Reese,+374 (77) 034019
1308,Joseph,Gonzales,+374 (69) 155158
1309,Charles,Williams,+374 (17) 347039
1310,Rebecca,Watkins,+374 (59) 625865
1311,Mark,Mclaughlin,+374 (69) 957455
1312,Lauren,Blake,+374 (68) 065838
1313,Edward,Frank,+374 (66) 229207
1314,Allen,Thomas,+374 (50) 642620
1315,Jason,Romero,+374 (85) 731741
1316,Jennifer,Barrett,+374 (93) 488541
1317,Audrey,White,+374 (73) 226506
1318,Stephen,Nichols,+374 (98) 814872
1319,William,Flores,+374 (33) 900604
1320,Jennifer,Mendez,+374 (80) 216467
1321,Samantha,Martinez,+374 (59) 583948
1322,Sheri,Oconnor,+374 (50) 084292
1323,Cameron,Payne,+374 (49) 232975
1324,David,Hale,+374 (20) 543743
1325,Brian,Miller,+374 (13) 714877
1326,Stephanie,Morris,+374 (92) 763609
1327,David,Hunter,+374 (20) 481945
1328,Tyler,Johnston,+374 (86) 198138
1329,Austin,Carroll,+374 (94) 089628
1330,Debra,Smith,+374 (68) 778726
1331,Mia,Gaines,+374 (17) 706187
1332,Dustin,Thomas,+374 (44) 142247
1333,Cindy,Washington,+374 (38) 764819
1334,Michael,Kim,+374 (72) 033697
1335,Zachary,Brooks,+374 (43) 163683
1336,Thomas,Mckinney,+374 (79) 834913
1337,Scott,Cortez,+374 (83) 797711
1338,Susan,Anderson,+374 (38) 947090
1339,William,Mcdaniel,+374 (25) 091806
1340,Joseph,Gordon,+374 (28) 512273
1341,William,Dillon,+374 (31) 148773
1342,William,Norris,+374 (30) 785203
1343,Cheyenne,Murphy,+374 (24) 484315
1344,Karen,Ortiz,+374 (98) 178241
1345,Carmen,Oliver,+374 (61) 642925
1346,Natalie,Ross,+374 (78) 208601
1347,John,Finley,+374 (40) 825570
1348,Pedro,Reed,+374 (25) 731476
1349,Shawn,Vega,+374 (87) 786264
1350,Colleen,Fuentes,+374 (49) 197606
1351,Katie,Perez,+374 (67) 489223
1352,Sabrina,Brown,+374 (71) 565685
1353,Laurie,Harris,+374 (51) 634438
1354,Justin,Sandoval,+374 (41) 130466
1355,Jeremy,Wiley,+374 (61) 842232
1356,Jonathan,Day,+374 (70) 083309
1357,Patricia,Parrish,+374 (49) 996064
1358,Alex,Cannon,+374 (43) 945587
1359,Ashley,Spencer,+374 (64) 297082
1360,Steve,Huff,+374 (99) 541877
1361,Alison,Hudson,+374 (90) 807927
1362,Michael,Clark,+374 (84) 183077
1363,James,Wilson,+374 (55) 571745
1364,Amy,Romero,+374 (15) 034035
1365,Joshua,Sherman,+374 (72) 277860
1366,James,Mcgee,+374 (75) 931377
1367,David,Sims,+374 (20) 148216
1368,Tracy,Wilson,+374 (41) 169965
1369,Donna,Jennings,+374 (37) 956344
1370,Joshua,Parker,+374 (46) 083951
1371,Morgan,Martinez,+374 (61) 369076
1372,Timothy,Carter,+374 (84) 562467
1373,Ann,Gonzales,+374 (13) 685187
1374,Phillip,Mclean,+374 (29) 338996
1375,Ashley,Williams,+374 (82) 347382
1376,Ashley,Pearson,+374 (18) 006682
1377,Lucas,Stone,+374 (37) 507544
1378,Donald,Garcia,+374 (67) 400126
1379,Veronica,Lucas,+374 (69) 997773
1380,Lynn,Harrison,+374 (34) 953813
1381,Timothy,Hernandez,+374 (48) 390203
1382,Bethany,Armstrong,+374 (23) 676740
1383,Nicole,Stokes,+374 (47) 174397
1384,Valerie,Smith,+374 (90) 418324
1385,John,Wise,+374 (82) 098048
1386,Donna,Watson,+374 (60) 643356
1387,Annette,Dennis,+374 (20) 638467
1388,Melissa,Dickerson,+374 (21) 638411
1389,Brandon,Williams,+374 (90) 161548
1390,Amy,Lewis,+374 (89) 189218
1391,Sandra,Johnson,+374 (48) 612713
1392,Nancy,Palmer,+374 (30) 355714
1393,Joel,White,+374 (71) 390624
1394,Tristan,Green,+374 (81) 232337
1395,David,Rosario,+374 (59) 853925
1396,Meghan,Vazquez,+374 (60) 225691
1397,Preston,Sparks,+374 (35) 517179
1398,Wendy,Soto,+374 (96) 325514
1399,Randy,Adams,+374 (60) 302993
1400,Carlos,Jackson,+374 (12) 185999
1401,Christina,Page,+374 (95) 121956
1402,David,Wood,+374 (30) 554698
1403,William,Bell,+374 (44) 774920
1404,Lisa,Mullen,+374 (73) 693210
1405,Brian,Mason,+374 (74) 347219
1406,James,Anderson,+374 (25) 761747
1407,John,Stone,+374 (50) 127856
1408,Amanda,Jordan,+374 (73) 668604
1409,Andrea,Roberts,+374 (96) 743732
1410,Julian,Collins,+374 (94) 355240
1411,Mary,Juarez,+374 (84) 156480
1412,Melissa,Shepherd,+374 (34) 465484
1413,John,Watkins,+374 (60) 712383
1414,Cathy,Harrington,+374 (71) 714623
1415,Johnny,Fernandez,+374 (40) 372568
1416,Gregory,Barry,+374 (74) 925727
1417,Jerry,Rivera,+374 (21) 091362
1418,Kelsey,Mcbride,+374 (20) 992961
1419,Angela,Whitaker,+374 (59) 706860
1420,Allison,Duncan,+374 (56) 326185
1421,Daniel,Anderson,+374 (35) 121020
1422,Tammy,Kirk,+374 (49) 307165
1423,Debra,Miller,+374 (71) 002485
1424,Richard,Watkins,+374 (34) 291759
1425,Mary,Garrett,+374 (14) 935540
1426,Kenneth,Church,+374 (37) 312130
1427,Mikayla,Goodman,+374 (42) 147097
1428,Jeffrey,Turner,+374 (70) 544043
1429,Bonnie,Martinez,+374 (78) 518874
1430,Lauren,Berry,+374 (11) 061771
1431,Jennifer,West,+374 (94) 920336
1432,Richard,Oliver,+374 (83) 055895
1433,Richard,Garrison,+374 (30) 870907
1434,Brianna,Smith,+374 (73) 743594
1435,Scott,Espinoza,+374 (20) 841162
1436,Joseph,Wilkinson,+374 (89) 333959
1437,Blake,Kelly,+374 (38) 120365
1438,Ian,Garcia,+374 (89) 293447
1439,Ashley,Long,+374 (79) 900801
1440,Whitney,Leon,+374 (67) 776085
1441,Samuel,Ray,+374 (95) 789616
1442,Alexander,Luna,+374 (90) 928150
1443,Samuel,Richardson,+374 (19) 571646
1444,Sarah,Chan,+374 (47) 572128
1445,John,Murphy,+374 (34) 710455
1446,Melanie,Barton,+374 (49) 283893
1447,Rachel,Williams,+374 (43) 464311
1448,Madison,Sanchez,+374 (93) 626393
1449,Marie,Thomas,+374 (57) 220813
1450,Brittany,Holder,+374 (67) 980826
1451,Mario,Thomas,+374 (42) 192359
1452,Steven,Welch,+374 (34) 010562
1453,Laura,Wilson,+374 (13) 276604
1454,Thomas,Robles,+374 (17) 305163
1455,Renee,Fernandez,+374 (97) 364874
1456,George,Curry,+374 (92) 616425
1457,Madison,Rivera,+374 (85) 318298
1458,Megan,Griffin,+374 (94) 386909
1459,Matthew,Hawkins,+374 (97) 529356
1460,Joseph,Gonzales,+374 (79) 894664
1461,Leah,Cabrera,+374 (99) 927149
1462,Manuel,Tanner,+374 (19) 992117
1463,Kristy,Thomas,+374 (29) 000294
1464,Julie,Young,+374 (44) 602497
1465,Mark,Rivera,+374 (37) 204726
1466,Nicholas,Larsen,+374 (39) 467854
1467,Madison,Davis,+374 (10) 975192
1468,Heidi,Simpson,+374 (92) 957547
1469,Jacob,Gross,+374 (70) 684300
1470,Rebecca,Stokes,+374 (97) 522270
1471,April,Bailey,+374 (48) 635703
1472,Katherine,Hardin,+374 (74) 730125
1473,Autumn,Smith,+374 (22) 508125
1474,Haley,Wilson,+374 (91) 182186
1475,Elizabeth,Williams,+374 (32) 149755
1476,William,Martinez,+374 (71) 656895
1477,Larry,White,+374 (27) 486143
1478,Dean,Archer,+374 (91) 634874
1479,Michael,Cooper,+374 (91) 369121
1480,Manuel,Robinson,+374 (78) 506753
1481,Lisa,Barton,+374 (21) 518458
1482,Christopher,Ball,+374 (43) 997878
1483,Tyler,Anderson,+374 (86) 117525
1484,Brett,Preston,+374 (28) 981813
1485,William,Clark,+374 (88) 175082
1486,Michelle,Holland,+374 (59) 155787
1487,Jennifer,Thompson,+374 (29) 079038
1488,Erika,Cooper,+374 (83) 999488
1489,Stephanie,Hansen,+374 (73) 640597
1490,John,Carr,+374 (12) 910472
1491,Jackson,Bray,+374 (54) 546337
1492,Elizabeth,Adams,+374 (74) 203638
1493,Jill,Coffey,+374 (83) 135355
1494,Janet,Reilly,+374 (85) 069108
1495,Dana,Moore,+374 (37) 608704
1496,Shawn,Carr,+374 (88) 365650
1497,Pamela,Malone,+374 (51) 591660
1498,Amanda,Gonzalez,+374 (69) 801555
1499,Danny,Hernandez,+374 (84) 453111
